mpjpe,median,max,mae_x,mae_y,mae_z,mse,rmse,frame,num_joints,align
72.33757464472343,78.08382469761824,117.63657847198958,21.27844017024366,32.07613707525066,48.948991914226895,5897.719798476699,76.79661319665536,frame_0001,18,similarity
72.47796858225281,77.51294941273206,117.69053467238427,23.31337351442552,32.37940016273097,50.346477350326374,5928.434721637377,76.99632927378666,frame_0002,18,similarity
72.83133996591629,81.62813159060101,117.14780969660278,21.07283038319004,36.79200460875763,49.56820556434632,6090.759542288062,78.04331837055663,frame_0003,18,similarity
76.84608262508326,76.46646722242104,141.40833940704246,34.784569441149316,33.579343343753955,46.83425030992562,6738.267810240991,82.08695274062127,frame_0004,18,similarity
78.07757527430302,74.76501031661623,128.83035413233173,36.4931695778752,35.72350521779079,43.2505582043979,6688.207029417072,81.78145895872164,frame_0005,18,similarity
72.53068347314337,71.00235766300901,156.999319342209,41.88814030520022,30.591008418527963,39.07320507917678,6142.540124498385,78.37435884585203,frame_0006,18,similarity
73.28372477399144,68.76050996544987,156.23773880554518,42.979833501243625,28.536767345169388,39.5542194931681,6292.206145069564,79.32342746672992,frame_0007,18,similarity
75.08943883003415,75.02942344701754,154.58309591600093,31.498493008727614,32.284700439904405,48.321033695302006,6870.0723764861195,82.88589974468589,frame_0008,18,similarity
75.2385504052184,70.99708888817628,116.22269699276175,27.63636095707625,29.52051689782545,52.47419397481578,6334.144201267895,79.5873369404197,frame_0009,18,similarity
74.35910533429056,72.50483398776447,122.43301333766796,28.070205177480602,29.750755108197456,50.24163907769397,6141.773659814009,78.36946892645126,frame_0010,18,similarity
59.54934490369524,55.3895382941592,103.45191324449544,21.936257741195327,25.185923650137095,38.95973763765935,4173.355472573012,64.60151292789521,frame_0011,18,similarity
68.01774857758316,68.07714493279659,163.53630982002335,29.664558737632685,30.917466112768718,42.946972700696556,5947.390152398595,77.11932411787978,frame_0012,18,similarity
64.96847455442337,70.67147700816318,101.24947380079085,22.3237193428042,25.815581394570764,45.746174647939235,4613.067721660241,67.9195680320498,frame_0013,18,similarity
62.28374932971253,59.80372718624913,106.78758205628573,22.27122783323916,17.192059467805834,47.03280364731478,4596.397590140736,67.79673731191447,frame_0014,18,similarity
70.3759262339724,66.41211879570261,112.07151219856839,27.063195110988595,23.913386204759156,52.87930262731885,5587.4867656430615,74.74949341395607,frame_0015,18,similarity
67.17571140689611,67.55498877607911,122.64071937745908,25.253414179620904,19.92205789495774,49.53634949055719,5261.978404692913,72.53949548137837,frame_0016,18,similarity
70.18886685103304,74.06299114703081,115.19947542503095,34.11928440200518,23.484738933020754,46.60530958551564,5688.973750705922,75.4252858841511,frame_0017,18,similarity
70.66133964822579,73.45763782868227,127.5946586926675,36.577436598291314,28.244412056893513,43.19075408611567,5820.100890616343,76.28958572843572,frame_0018,18,similarity
75.30024668531595,79.29995360057532,122.02091432922852,36.279082197848965,31.152780210985913,45.048144247748645,6469.585999764564,80.43373670148965,frame_0019,18,similarity
88.55289637885168,79.82909730431484,158.2486486954877,48.09096083125208,40.28353041735838,46.40480042046468,9165.52444720995,95.73674554323408,frame_0020,18,similarity
90.3127241901152,76.54619708229139,197.2311454363968,48.07264485194764,41.24230462238631,45.31766160253546,9865.088064661368,99.32314969160699,frame_0021,18,similarity
103.00224646688459,87.4000702509877,228.22732218318063,59.68371878674103,43.62151426558845,48.755183850860526,12950.567307539182,113.80055934633705,frame_0022,18,similarity
74.49369820687097,74.92499889466046,121.2082885672721,33.40707168514867,30.615402419033746,43.94035356903022,6104.926506269278,78.13402911836351,frame_0023,18,similarity
71.04368676289351,68.07355187697688,104.48735503145336,30.008041367174126,19.62105752312316,51.518973319895885,5433.953040482155,73.71535145736033,frame_0024,18,similarity
57.2810270170734,55.75917963958332,87.25011198411376,25.33457296895954,22.09595571692985,39.23530636917306,3715.9346736478537,60.95846679213523,frame_0025,18,similarity
69.42812720356221,71.79045093630216,115.29059372768442,28.64333397045438,29.432262237866684,48.89797286385822,5388.04597483244,73.40331038061186,frame_0026,18,similarity
73.77301944620655,77.07559319738598,147.56130196013004,35.07451844941382,34.98272022644171,42.63241387213701,6696.141845586896,81.82995689591249,frame_0027,18,similarity
61.72517543603889,64.01201674372632,112.55965000094872,30.092282443938732,24.745392127613474,39.00298945140208,4630.634168993843,68.04876317019908,frame_0028,18,similarity
62.007138100254714,66.52113852308955,88.69418405236374,26.833849858893903,24.654837903652794,41.1656157642482,4207.876205533506,64.86814476716215,frame_0029,18,similarity
68.7073049630542,65.84590673943727,139.5155809114671,32.975519034715745,27.826909516995006,44.483358501017065,5758.030863950411,75.8816899123261,frame_0030,18,similarity
77.51210447757089,68.83875910072844,184.53469258062552,45.30055358261921,28.449017088610585,44.31346902003098,7627.210958883865,87.3339049790164,frame_0031,18,similarity
79.29276671010763,71.72217378752691,170.34565755991392,51.76190919694818,27.76482107606468,40.57006213156584,7689.393206454521,87.68918523087395,frame_0032,18,similarity
64.13395570118581,61.08551874984795,121.31230846518991,35.6117846977302,19.881501572011544,39.74981929280997,5146.964725710453,71.74234959708564,frame_0033,18,similarity
56.279406750477975,57.462875892200216,87.52828238931785,34.954466497620665,17.325860100783977,31.614916845422197,3511.178692234828,59.25519970631124,frame_0034,18,similarity
64.18021978948819,69.37383840035918,101.97479884575536,36.5151085878707,21.002917502684397,42.48495234876634,4706.213953944878,68.60185095130363,frame_0035,18,similarity
75.94260571698366,78.48029741193236,125.82964180857435,40.69055470469711,23.921014046213582,49.88297725141435,6365.225981244989,79.78236635526042,frame_0036,18,similarity
57.99762834542901,59.493326751596015,95.0738678917119,27.093209851328034,22.99160797684833,39.17199783165682,3943.991428041104,62.80120562569722,frame_0037,18,similarity
59.44246502566049,53.351498247139,101.2622656070511,30.253195398119008,23.15309315817424,34.862402612988895,4156.214350652425,64.46870830606447,frame_0038,18,similarity
64.29108083772797,69.69602825452722,100.28903563165039,31.89134699491933,21.417473833551483,42.458870760054886,4899.025672601015,69.99304017258441,frame_0039,18,similarity
65.05741456934608,62.889675196265486,102.3751371369591,27.098888935619975,23.682494180897223,45.48964905441804,4731.934103589471,68.78905511481803,frame_0040,18,similarity
65.81969079874735,68.27787955662431,108.56040024142982,25.923725776478122,24.595634101810745,47.52337796676218,5033.370354040884,70.94624975318204,frame_0041,18,similarity
58.25658762931198,58.48276352718639,105.21779127385544,23.33619062134282,19.286535843661834,43.68518397392848,4019.9488481816024,63.40306655187588,frame_0042,18,similarity
61.063141922935316,55.164491582256204,96.79263741592428,28.500355508316918,26.67894499836278,38.44086060668412,4053.7343961542015,63.66894373361475,frame_0043,18,similarity
61.88182187978178,62.53741978064863,114.44214262947527,20.14430876286992,30.199084134083048,44.40918896155719,4536.07056733929,67.35035684641389,frame_0044,18,similarity
67.23270187691794,65.54410498835935,145.20701552131223,22.454474273521456,27.461406811247823,43.57950453043796,5446.521500757596,73.80055217108878,frame_0045,18,similarity
72.09585871315268,61.79433793078394,174.54914377749043,24.407392844899935,27.728571782163574,50.29256689061283,6735.674112368477,82.07115274180373,frame_0046,18,similarity
58.77540739502974,54.59857737318929,143.14095091477247,25.191837409532532,21.288549152161345,38.53828564019643,4407.786707974858,66.39116438182762,frame_0047,18,similarity
62.67382148166301,58.47137547265504,125.47846980335031,28.989489091072453,25.013404481170433,37.61342894888565,4645.828589497753,68.16031535650164,frame_0048,18,similarity
